{
	"swagger": "2.0",
	"info": 
	{
		"title": "Dashboard View API",
		"description": "Provides an interface to retrieve the details for each graph associated with a Dashboard View",
		"termsOfService": "http://www.weareact.io/terms",
		"version": "v1",
		"contact": 
		{
			"name": "ACT",
			"email": "support@weareact.com"
		},

		"license": 
		{
			"name": "ACT Commercial Licence",
			"url": "http://www.weareact.io/licence"
		}
	},

	"host": "api.weareact.io",
	"schemes": 
	[
		"https"
	],

	"basePath": "/v1",
	"produces": 
	[
		"application/json"
	],

	"externalDocs": 
	{
		"description": "Additional service documentation",
		"url": "http://confluence-dev.card.co.uk/display/SER/Services+Home"
	},

	"paths": 
	{
		"/dashboard-views": 
		{
			"get": 
			{
				"summary": "Retrieve Graphs for Dashboard Views",
				"description": "Returns Dashboard View objects for each graph",
				"security": 
				[
					{
						"accessCode": 
						[
							"dashboard-views_read"
						]
					},

					{
						"application": 
						[
							"dashboard-views_read"
						]
					},

					{
						"password": 
						[
							"dashboard-views_read"
						]
					}
				],

				"parameters": 
				[
					{
						"name": "q",
						"in": "query",
						"description": "The search query used to find Dashboard View items.  The ACT search syntax can be used to retrieve the graphs for a specific dashboard by searching on 'dashboard'",
						"type": "string",
						"required": false
					},

					{
						"name": "X-JWT-Assertion",
						"in": "header",
						"description": " The jwt header provided by user",
						"type": "string",
						"required": true
					}
				],

				"responses": 
				{
					"200": 
					{
						"description": "An array of Dashboard View",
						"schema": 
						{
							"$ref": "#/definitions/DashboardViewsResponse"
						}
					},

					"400": 
					{
						"description": "Bad Request",
						"schema": 
						{
							"$ref": "#/definitions/ServiceError"
						}
					},

					"401": 
					{
						"description": "Unauthorised",
						"schema": 
						{
							"$ref": "#/definitions/ServiceError"
						}
					},

					"403": 
					{
						"description": "Forbidden",
						"schema": 
						{
							"$ref": "#/definitions/ServiceError"
						}
					},

					"500": 
					{
						"description": "Unexpected error",
						"schema": 
						{
							"$ref": "#/definitions/ServiceError"
						}
					}
				},

				"tags": 
				[
					"Dashboard Views"
				]
			}
		},

		"/dashboard-views/{graph}": 
		{
			"get": 
			{
				"summary": "Get details of a specific graph's Dashboard View resource",
				"description": "Retrieves the details of the Dashboard View that matches the provided graph",
				"security": 
				[
					{
						"accessCode": 
						[
							"dashboard-views_read"
						]
					},

					{
						"application": 
						[
							"dashboard-views_read"
						]
					},

					{
						"password": 
						[
							"dashboard-views_read"
						]
					}
				],

				"parameters": 
				[
					{
						"name": "graph",
						"in": "path",
						"description": "Unique identifier for a specific graph e.g. ACTIONLISTGENERATION",
						"type": "string",
						"required": true
					},

					{
						"name": "q",
						"in": "query",
						"description": " The  query  to to filter out  Dashboard View items.'",
						"type": "string",
						"required": false
					},

					{
						"name": "X-JWT-Assertion",
						"in": "header",
						"description": " The jwt header provided by user",
						"type": "string",
						"required": true
					}
				],

				"tags": 
				[
					"Dashboard Views"
				],

				"responses": 
				{
					"200": 
					{
						"description": "Dashboard View resource",
						"schema": 
						{
							"$ref": "#/definitions/DashboardViewResponse"
						}
					},

					"400": 
					{
						"description": "Bad Request",
						"schema": 
						{
							"$ref": "#/definitions/ServiceError"
						}
					},

					"401": 
					{
						"description": "Unauthorised",
						"schema": 
						{
							"$ref": "#/definitions/ServiceError"
						}
					},

					"403": 
					{
						"description": "Forbidden",
						"schema": 
						{
							"$ref": "#/definitions/ServiceError"
						}
					},

					"404": 
					{
						"description": "Not found",
						"schema": 
						{
							"$ref": "#/definitions/ServiceError"
						}
					},

					"500": 
					{
						"description": "Unexpected error",
						"schema": 
						{
							"$ref": "#/definitions/ServiceError"
						}
					}
				}
			}
		},

		"/dashboard-aggregation/{graph}": 
		{
			"get": 
			{
				"summary": "Retrieve aggregated data for a Dashboard graph",
				"description": "Returns Dashboard Aggregation that matches the provided graph",
				"security": 
				[
					{
						"accessCode": 
						[
							"dashboard-views_read"
						]
					},

					{
						"application": 
						[
							"dashboard-views_read"
						]
					},

					{
						"password": 
						[
							"dashboard-views_read"
						]
					}
				],

				"parameters": 
				[
					{
						"name": "graph",
						"in": "path",
						"description": "Unique identifier for a specific graph e.g. ACTIONLISTGENERATION",
						"type": "string",
						"required": true
					},

					{
						"name": "q",
						"in": "query",
						"description": "The  query to filter out Dashboard Aggregation items",
						"type": "string",
						"required": true
					}
				],

				"responses": 
				{
					"200": 
					{
						"description": "Dashboard Aggregation resource",
						"schema": 
						{
							"$ref": "#/definitions/DashboardAggregationResponse"
						}
					},

					"400": 
					{
						"description": "Bad Request",
						"schema": 
						{
							"$ref": "#/definitions/ServiceError"
						}
					},

					"401": 
					{
						"description": "Unauthorised",
						"schema": 
						{
							"$ref": "#/definitions/ServiceError"
						}
					},

					"403": 
					{
						"description": "Forbidden",
						"schema": 
						{
							"$ref": "#/definitions/ServiceError"
						}
					},

					"404": 
					{
						"description": "Not found",
						"schema": 
						{
							"$ref": "#/definitions/ServiceError"
						}
					},

					"500": 
					{
						"description": "Unexpected error",
						"schema": 
						{
							"$ref": "#/definitions/ServiceError"
						}
					}
				},

				"tags": 
				[
					"Dashboard Views"
				]
			}
		}
	},

	"definitions": 
	{
		"Meta": 
		{
			"properties": 
			{
				"version": 
				{
					"type": "integer",
					"format": "int32",
					"description": "The version of this record"
				},

				"created": 
				{
					"type": "string",
					"format": "date-time",
					"description": "The date and time the resource was created"
				},

				"createdBy": 
				{
					"type": "string",
					"description": "The username that created this resource"
				},

				"lastModified": 
				{
					"type": "string",
					"format": "date-time",
					"description": "The date and time the resource was last modified"
				},

				"lastModifiedBy": 
				{
					"type": "string",
					"description": "The username that last modified this resource"
				}
			},

			"required": 
			[
				"version",
				"created",
				"createdBy",
				"lastModified",
				"lastModifiedBy"
			]
		},

		"Notification": 
		{
			"properties": 
			{
				"id": 
				{
					"type": "string",
					"description": "The id associated with the notification. This is used to match the notification to events that have been sent via the messaging service"
				},

				"subject": 
				{
					"type": "string"
				},

				"payload": 
				{
					"type": "object",
					"description": "The notification content. Note this can contain either a simple message or a JSON object"
				},

				"type": 
				{
					"type": "string",
					"description": "The type of the notification",
					"enum": 
					[
						"message"
					]
				}
			}
		},

		"ServiceError": 
		{
			"properties": 
			{
				"developerMessage": 
				{
					"type": "string",
					"description": "A message to assist developers investigate the cause of an error"
				},

				"userMessage": 
				{
					"type": "string",
					"description": "A suitable message for displaying to users of the client receiving this error"
				},

				"errorCode": 
				{
					"type": "string",
					"description": "The ACT code for this error"
				},

				"moreInfo": 
				{
					"type": "string",
					"description": "Additional information that is relevant to this error"
				}
			},

			"required": 
			[
				"userMessage",
				"errorCode"
			]
		},

		"Paging": 
		{
			"properties": 
			{
				"offset": 
				{
					"type": "integer",
					"format": "int64",
					"description": "The offset from which returned results will start from.  E.g. offset=0, limit = 100 would return the first 100 results (0 to 99), and offset = 100, limit =100 would return records 100 to 199",
					"default": 0
				},

				"limit": 
				{
					"type": "integer",
					"format": "int64",
					"description": "The maximum number of results that have been returned regardless of how many total results exist",
					"default": 100
				},

				"totalCount": 
				{
					"type": "integer",
					"format": "int64",
					"description": "The total number of resources that exist"
				}
			},

			"required": 
			[
				"offset",
				"limit",
				"totalCount"
			]
		},

		"PointData": 
		{
			"properties": 
			{
				"pointValue": 
				{
					"type": "integer",
					"description": "The value for the Y axis that will be plotted on the graph"
				},

				"pointKey": 
				{
					"type": "object",
					"description": "The key for the X axis associated with the value (by language)",
					"additionalProperties": 
					{
						"type": "string"
					}
				},

				"pointLegend": 
				{
					"type": "object",
					"description": "This will be used to define the legend for a point in a line chart.  This will be blank for all other types of charts. This will have the same value as dataPointLegend",
					"additionalProperties": 
					{
						"type": "string"
					}
				}
			}
		},

		"GraphDataPoint": 
		{
			"properties": 
			{
				"dataPointLegend": 
				{
					"type": "object",
					"description": "The legend that this set of value represents",
					"additionalProperties": 
					{
						"type": "string"
					}
				},

				"dataPointValues": 
				{
					"description": "An array of X and Y axis values for the legend that will be plotted on the graph",
					"type": "array",
					"items": 
					{
						"$ref": "#/definitions/PointData"
					}
				}
			}
		},

		"LegendKey": 
		{
			"properties": 
			{
				"key": 
				{
					"type": "object",
					"description": "A key to be displayed on the dashboard",
					"additionalProperties": 
					{
						"type": "string"
					}
				}
			}
		},

		"DashboardView": 
		{
			"properties": 
			{
				"graph": 
				{
					"type": "string",
					"description": "The unique identifier for the Graphs Dashboard View within ACT services"
				},

				"dashboard": 
				{
					"type": "string",
					"description": "The unique identifier for the Dashboard the graph will be displayed on in the interACT portal"
				},

				"xAxisLabel": 
				{
					"type": "object",
					"description": "Label for the X Axis",
					"additionalProperties": 
					{
						"type": "string"
					}
				},

				"yAxisLabel": 
				{
					"type": "object",
					"description": "Label for the Y Axis",
					"additionalProperties": 
					{
						"type": "string"
					}
				},

				"graphType": 
				{
					"type": "string",
					"description": "The identifier for the type of graph to be drawn. E.g. bar, line or pie",
					"enum": 
					[
						"BAR",
						"LINE",
						"PIE"
					]
				},

				"graphData": 
				{
					"description": "Array of data to be shown on the dashboard",
					"type": "array",
					"items": 
					{
						"$ref": "#/definitions/GraphDataPoint"
					}
				},

				"graphLegend": 
				{
					"description": "An array of  Legend keys to be displayed on the graph",
					"type": "array",
					"items": 
					{
						"$ref": "#/definitions/LegendKey"
					}
				}
			},

			"required": 
			[
				"graphData"
			]
		},

		"DashboardViewResponse": 
		{
			"type": "object",
			"properties": 
			{
				"meta": 
				{
					"$ref": "#/definitions/Meta"
				},

				"dashboardView": 
				{
					"$ref": "#/definitions/DashboardView"
				},

				"notifications": 
				{
					"description": "Contains notifications relating to the resource that has been returned",
					"type": "array",
					"items": 
					{
						"$ref": "#/definitions/Notification"
					}
				}
			},

			"required": 
			[
				"meta",
				"dashboardView",
				"notifications"
			]
		},

		"DashboardViewsResponse": 
		{
			"type": "object",
			"properties": 
			{
				"meta": 
				{
					"$ref": "#/definitions/Paging"
				},

				"dashboardViews": 
				{
					"description": "Contains the relevant resources for the request",
					"type": "array",
					"items": 
					{
						"$ref": "#/definitions/DashboardView"
					}
				},

				"notifications": 
				{
					"description": "Contains notifications relating to the resources that have been returned",
					"type": "array",
					"items": 
					{
						"$ref": "#/definitions/Notification"
					}
				}
			},

			"required": 
			[
				"meta",
				"dashboardViews",
				"notifications"
			]
		},

		"DashboardAggregation": 
		{
			"properties": 
			{
				"graph": 
				{
					"type": "string",
					"description": "The unique identifier for the Graph that the Dashboard Aggregation relates to"
				},

				"headings": 
				{
					"description": "List of headings for aggregated data",
					"type": "array",
					"items": 
					{
						"type": "string"
					}
				},

				"values": 
				{
					"description": "Values for aggregated data",
					"type": "array",
					"items": 
					{
						"$ref": "#/definitions/AggregatedItem"
					}
				}
			},

			"required": 
			[
				"graph",
				"headings",
				"values"
			]
		},

		"AggregatedItem": 
		{
			"properties": 
			{
				"fields": 
				{
					"description": "Values for a row of aggregated data",
					"type": "array",
					"items": 
					{
						"type": "string"
					}
				}
			},

			"required": 
			[
				"fields"
			]
		},

		"DashboardAggregationResponse": 
		{
			"type": "object",
			"properties": 
			{
				"meta": 
				{
					"$ref": "#/definitions/Meta"
				},

				"dashboardAggregation": 
				{
					"$ref": "#/definitions/DashboardAggregation"
				},

				"notifications": 
				{
					"description": "Contains notifications relating to the resources that have been returned",
					"type": "array",
					"items": 
					{
						"$ref": "#/definitions/Notification"
					}
				}
			},

			"required": 
			[
				"meta",
				"dashboardAggregation",
				"notifications"
			]
		}
	},

	"securityDefinitions": 
	{
		"accessCode": 
		{
			"type": "oauth2",
			"scopes": 
			{
				"dashboard-views_read": "Grant read access"
			},

			"flow": "accessCode",
			"authorizationUrl": "https://api.weareact.io/oauth/authorise",
			"tokenUrl": "https://api.weareact.io/oauth/token"
		},

		"password": 
		{
			"type": "oauth2",
			"scopes": 
			{
				"dashboard-views_read": "Grant read access"
			},

			"flow": "password",
			"tokenUrl": "https://api.weareact.io/oauth/token"
		},

		"application": 
		{
			"type": "oauth2",
			"scopes": 
			{
				"dashboard-views_read": "Grant read access"
			},

			"flow": "application",
			"tokenUrl": "https://api.weareact.io/oauth/token"
		}
	}
}